<?xml version="1.0"?><rss version="2.0" xmlns:atom="http://www.w3.org/2005/Atom" xmlns:georss="http://www.georss.org/georss">
	<channel>
		<title>Карта Радиации/ Radiation map</title>
		<link>http://radiation.crowdmap.com/</link>
		<pubDate>Wed, 30 Mar 2011 23:21:08 GMT</pubDate>
		<description>Лента событий Карта Радиации/ Radiation map</description>
		<generator>Ushahidi Engine</generator>
		<atom:link href="http://radiation.crowdmap.com/feed/" rel="self" type="application/rss+xml" />
				<item>
			<title>Хочу узнать уровень радиации</title>
			<link>http://radiation.crowdmap.com/reports/view/189</link>
			<description><![CDATA[Хочу узнать уровень радиации в Казахстане город Павлодар.]]></description>
			<pubDate>Wed, 30 Mar 2011 18:27:00 GMT</pubDate>
			<guid>http://radiation.crowdmap.com/reports/view/189</guid>
			<georss:point>52.3 76.95</georss:point>
					</item>		<item>
			<title>Хочу узнать уровень радиации</title>
			<link>http://radiation.crowdmap.com/reports/view/188</link>
			<description><![CDATA[в гор Ангарск ( Иркутская обл.)]]></description>
			<pubDate>Wed, 30 Mar 2011 06:15:00 GMT</pubDate>
			<guid>http://radiation.crowdmap.com/reports/view/188</guid>
			<georss:point>52.541672 103.919548</georss:point>
					</item>		<item>
			<title>Хочу узнать уровень радиации в Мадриде (Испания)</title>
			<link>http://radiation.crowdmap.com/reports/view/186</link>
			<description><![CDATA[Хочу узнать уровень радиации в Мадриде (Испания). Напишите если кто знает плиз... Зараннее спасибо!]]></description>
			<pubDate>Tue, 29 Mar 2011 16:58:00 GMT</pubDate>
			<guid>http://radiation.crowdmap.com/reports/view/186</guid>
			<georss:point>40.135356 -4.133335</georss:point>
					</item>		<item>
			<title>***</title>
			<link>http://radiation.crowdmap.com/reports/view/185</link>
			<description><![CDATA[Как будет распространяться радиактивное облако? Говориться что до Росии радиация не дайдет. Как такое может быть?]]></description>
			<pubDate>Tue, 29 Mar 2011 06:53:00 GMT</pubDate>
			<guid>http://radiation.crowdmap.com/reports/view/185</guid>
			<georss:point>53.68758 91.577311</georss:point>
					</item>		<item>
			<title>Московский проспект 0,19 мкЗв/ч</title>
			<link>http://radiation.crowdmap.com/reports/view/184</link>
			<description><![CDATA[Московский проспект 0,19 мкЗв/ч]]></description>
			<pubDate>Tue, 29 Mar 2011 06:47:00 GMT</pubDate>
			<guid>http://radiation.crowdmap.com/reports/view/184</guid>
			<georss:point>50.487473 30.473413</georss:point>
					</item>		<item>
			<title>Хочу узнать уровень радиации в Биробиджане</title>
			<link>http://radiation.crowdmap.com/reports/view/183</link>
			<description><![CDATA[уровень родиации в городе]]></description>
			<pubDate>Tue, 29 Mar 2011 06:45:00 GMT</pubDate>
			<guid>http://radiation.crowdmap.com/reports/view/183</guid>
			<georss:point>48.800671 132.899139</georss:point>
					</item>		<item>
			<title>Какой уровень радиации в г. Южно-Сахалинск 29.03.2011 г.?</title>
			<link>http://radiation.crowdmap.com/reports/view/182</link>
			<description><![CDATA[Какой уровень радиации в г. Южно-Сахалинск 29.03.2011 г.?]]></description>
			<pubDate>Tue, 29 Mar 2011 06:13:00 GMT</pubDate>
			<guid>http://radiation.crowdmap.com/reports/view/182</guid>
			<georss:point>46.961262 142.731979</georss:point>
					</item>		<item>
			<title>Хочу узнать уровень радиации Ростов на Дону</title>
			<link>http://radiation.crowdmap.com/reports/view/181</link>
			<description><![CDATA[Ростов на Дону]]></description>
			<pubDate>Tue, 29 Mar 2011 06:00:00 GMT</pubDate>
			<guid>http://radiation.crowdmap.com/reports/view/181</guid>
			<georss:point>47.233189 39.715</georss:point>
					</item>		<item>
			<title>уровень 0,12 мкЗв/ч в помещении</title>
			<link>http://radiation.crowdmap.com/reports/view/179</link>
			<description><![CDATA[уровень 0,12 мкЗв/ч в помещении (дозиметр РАДЭКС РД1706)]]></description>
			<pubDate>Tue, 29 Mar 2011 00:44:00 GMT</pubDate>
			<guid>http://radiation.crowdmap.com/reports/view/179</guid>
			<georss:point>43.130691 131.923828</georss:point>
					</item>		<item>
			<title>28.03.2011 фон в норме / Norm</title>
			<link>http://radiation.crowdmap.com/reports/view/178</link>
			<description><![CDATA[0.12  µZv/H]]></description>
			<pubDate>Mon, 28 Mar 2011 06:57:00 GMT</pubDate>
			<guid>http://radiation.crowdmap.com/reports/view/178</guid>
			<georss:point>51.518424 9.967363</georss:point>
					</item>		<item>
			<title>Казань</title>
			<link>http://radiation.crowdmap.com/reports/view/180</link>
			<description><![CDATA[какой уровень радиации в Казани]]></description>
			<pubDate>Mon, 28 Mar 2011 06:15:00 GMT</pubDate>
			<guid>http://radiation.crowdmap.com/reports/view/180</guid>
			<georss:point>55.788572 49.115152</georss:point>
					</item>		<item>
			<title>Начал замеры фона на регулярной основе</title>
			<link>http://radiation.crowdmap.com/reports/view/175</link>
			<description><![CDATA[Дозиметр "Радэкс 1503". Пока фон стандартный. 12-17 мкР/ч. На улице сегодня не проверял, но по старой статистике дом/улица в пределах 10.]]></description>
			<pubDate>Sun, 27 Mar 2011 06:59:00 GMT</pubDate>
			<guid>http://radiation.crowdmap.com/reports/view/175</guid>
			<georss:point>59.129822 38.001309</georss:point>
					</item>		<item>
			<title>Изменений уровня не наблюдалось</title>
			<link>http://radiation.crowdmap.com/reports/view/176</link>
			<description><![CDATA[Использую портативный радиометр RADEX.
Естественный уровень 0.10-0.13 мкЗв/час]]></description>
			<pubDate>Sun, 27 Mar 2011 06:01:00 GMT</pubDate>
			<guid>http://radiation.crowdmap.com/reports/view/176</guid>
			<georss:point>37.260561 127.07919</georss:point>
					</item>		<item>
			<title>Челябинск</title>
			<link>http://radiation.crowdmap.com/reports/view/173</link>
			<description><![CDATA[Челябинск, район автоцентра (ул.Молодогвардейцев)
13мкР/ч (средний максимум 18)
дозиметр Радекс рд 1503]]></description>
			<pubDate>Sun, 27 Mar 2011 04:51:00 GMT</pubDate>
			<guid>http://radiation.crowdmap.com/reports/view/173</guid>
			<georss:point>55.19846 61.332199</georss:point>
					</item>		<item>
			<title>Уровень радиации в Германии, город Neu-Ulm</title>
			<link>http://radiation.crowdmap.com/reports/view/171</link>
			<description><![CDATA[0,080 uSv/h]]></description>
			<pubDate>Sat, 26 Mar 2011 18:10:00 GMT</pubDate>
			<guid>http://radiation.crowdmap.com/reports/view/171</guid>
			<georss:point>48.384109 10.00974</georss:point>
					</item>		<item>
			<title>Уровень радиации в Озерске,Челябинская область</title>
			<link>http://radiation.crowdmap.com/reports/view/172</link>
			<description><![CDATA[Хотелось бы узнать уровень радиации в городе Озерск,Челябинская область]]></description>
			<pubDate>Sat, 26 Mar 2011 18:08:00 GMT</pubDate>
			<guid>http://radiation.crowdmap.com/reports/view/172</guid>
			<georss:point>55.754584 60.712595</georss:point>
					</item>		<item>
			<title>какой уровень</title>
			<link>http://radiation.crowdmap.com/reports/view/170</link>
			<description><![CDATA[кокой уровень радиации в Митино]]></description>
			<pubDate>Sat, 26 Mar 2011 15:15:00 GMT</pubDate>
			<guid>http://radiation.crowdmap.com/reports/view/170</guid>
			<georss:point>55.865 37.3625</georss:point>
					</item>		<item>
			<title>Калининград - хочу узнать радиационный фон</title>
			<link>http://radiation.crowdmap.com/reports/view/168</link>
			<description><![CDATA[Хочу узнать уровень радиации в Калининграде]]></description>
			<pubDate>Sat, 26 Mar 2011 06:28:00 GMT</pubDate>
			<guid>http://radiation.crowdmap.com/reports/view/168</guid>
			<georss:point>54.711595 20.509972</georss:point>
					</item>		<item>
			<title>Таллинн, Эстония - 14 мкРг/ч (норма)</title>
			<link>http://radiation.crowdmap.com/reports/view/165</link>
			<description><![CDATA[Таллинн, Эстония - 14 мкРг/ч (норма)

[Комментарий от модератора: автор не подписался]]]></description>
			<pubDate>Fri, 25 Mar 2011 18:40:00 GMT</pubDate>
			<guid>http://radiation.crowdmap.com/reports/view/165</guid>
			<georss:point>59.426552 24.684318</georss:point>
					</item>		<item>
			<title>Гамбург, сев.Германия - норма</title>
			<link>http://radiation.crowdmap.com/reports/view/166</link>
			<description><![CDATA[25 CPM Outdoors

Денис:
Counts per Minute
5 to 60 CPM -- норма

[Алексей Сидоренко]: автор не подписался.]]></description>
			<pubDate>Fri, 25 Mar 2011 18:29:00 GMT</pubDate>
			<guid>http://radiation.crowdmap.com/reports/view/166</guid>
			<georss:point>53.553815 9.991575</georss:point>
					</item>
	</channel>
</rss>